id,first_name,last_name,email,gender,car_make
1,Zacherie,Shotboult,zshotboult0@businessweek.com,M,Land Rover
2,Erny,Paver,epaver1@thetimes.co.uk,M,Mercury
3,North,Montgomery,nmontgomery2@mozilla.org,M,Scion
4,Saunderson,Blaszkiewicz,sblaszkiewicz3@gmpg.org,M,Dodge
5,Madella,Nealy,mnealy4@msn.com,F,Infiniti
6,Bette-ann,Athey,bathey5@microsoft.com,F,Dodge
7,Estele,Cranson,ecranson6@yellowbook.com,F,Ford
8,Ulysses,Crowter,ucrowter7@admin.ch,M,Suzuki
9,Gillian,Hessay,ghessay8@ebay.co.uk,F,Dodge
10,Monty,Sloat,msloat9@yolasite.com,M,Ford
11,Benedicto,Magor,bmagora@sohu.com,M,Pontiac
12,Indira,Wealthall,iwealthallb@mapquest.com,F,Toyota
13,Pearce,Heasly,pheaslyc@sogou.com,M,Ford
14,Farleigh,Dallicott,fdallicottd@nbcnews.com,M,Dodge
15,Portia,Dovinson,pdovinsone@msn.com,F,Dodge
16,Murry,Brandone,mbrandonef@geocities.jp,M,Plymouth
17,Ulberto,Niemetz,uniemetzg@unc.edu,M,Chrysler
18,Winfred,Doogan,wdooganh@typepad.com,M,Isuzu
19,Kellen,Jelk,kjelki@jimdo.com,F,CitroÃ«n
20,Konrad,Brunsdon,kbrunsdonj@clickbank.net,M,Ram
21,Cati,MacCollom,cmaccollomk@opensource.org,F,Oldsmobile
22,Nicholas,Pawelski,npawelskil@so-net.ne.jp,M,Cadillac
23,Ignaz,Dionis,idionism@yellowpages.com,M,Chevrolet
24,Rhodia,Rustadge,rrustadgen@ehow.com,F,Volkswagen
25,Pauletta,Gallon,pgallono@tiny.cc,F,Cadillac
26,Yance,Francklyn,yfrancklynp@macromedia.com,M,Saturn
27,Netty,Egdell,negdellq@apache.org,F,Chevrolet
28,Camellia,Stranks,cstranksr@vkontakte.ru,F,Subaru
29,Theo,Ledur,tledurs@seesaa.net,M,Porsche
30,Rorke,Sidry,rsidryt@nature.com,M,Subaru
31,Yul,Olkowicz,yolkowiczu@nsw.gov.au,M,Nissan
32,Rolf,Gilardoni,rgilardoniv@mtv.com,M,Jeep
33,Jordanna,Rusling,jruslingw@sakura.ne.jp,F,Volkswagen
34,Leona,Malthus,lmalthusx@slashdot.org,F,Ford
35,Paulina,Jones,pjonesy@t.co,F,Plymouth
36,Smitty,Petyt,spetytz@nba.com,M,Lincoln
37,Mendel,Cuncliffe,mcuncliffe10@themeforest.net,M,GMC
38,Paulette,Coppens,pcoppens11@google.co.jp,F,Kia
39,Emmott,Saller,esaller12@4shared.com,M,Mazda
40,Whitby,Howles,whowles13@whitehouse.gov,M,Hummer
41,Aubrey,Izzat,aizzat14@edublogs.org,M,Chrysler
42,Bryana,Gayler,bgayler15@symantec.com,F,Mitsubishi
43,Lorne,Hinstridge,lhinstridge16@upenn.edu,F,Audi
44,Ferd,Ostick,fostick17@cnbc.com,M,Mazda
45,Bernice,Kingett,bkingett18@ow.ly,F,Toyota
46,Phaedra,Pollock,ppollock19@quantcast.com,F,Aston Martin
47,Mattias,McQuillan,mmcquillan1a@usatoday.com,M,Plymouth
48,Elinore,Partleton,epartleton1b@51.la,F,GMC
49,Jehu,La Batie,jlabatie1c@springer.com,M,GMC
50,Even,Carter,ecarter1d@cornell.edu,M,Ford
51,Carmelina,Stile,cstile1e@trellian.com,F,Honda
52,Denny,Velde,dvelde1f@simplemachines.org,M,Ford
53,Karolina,Ziebart,kziebart1g@addtoany.com,F,Lexus
54,Leeann,Foxcroft,lfoxcroft1h@phpbb.com,F,Lexus
55,Lorinda,Siddons,lsiddons1i@51.la,F,Mazda
56,Ramsey,Piperley,rpiperley1j@comsenz.com,M,Toyota
57,Kienan,Janman,kjanman1k@army.mil,M,Buick
58,Nataniel,Hucknall,nhucknall1l@cloudflare.com,M,Mazda
59,Ambrosio,McMorland,amcmorland1m@behance.net,M,Mitsubishi
60,Bertram,Hardin,bhardin1n@cornell.edu,M,Suzuki
61,Stella,Reinger,sreinger1o@about.com,F,Toyota
62,Giraldo,Rhydderch,grhydderch1p@cbsnews.com,M,Chevrolet
63,Nata,Ridder,nridder1q@parallels.com,F,Dodge
64,Dew,Diem,ddiem1r@paginegialle.it,M,Geo
65,Rayna,Grinnell,rgrinnell1s@ehow.com,F,GMC
66,Carolann,Crippen,ccrippen1t@howstuffworks.com,F,Ferrari
67,Tailor,Portal,tportal1u@techcrunch.com,M,Mitsubishi
68,Antoni,Damarell,adamarell1v@ehow.com,M,Jaguar
69,Luther,Croot,lcroot1w@hostgator.com,M,Pontiac
70,Luigi,Readings,lreadings1x@irs.gov,M,Mercedes-Benz
71,Barrie,Willerton,bwillerton1y@flavors.me,F,Nissan
72,Finley,Cockett,fcockett1z@ask.com,M,Plymouth
73,Krissie,Cosson,kcosson20@mapy.cz,F,BMW
74,Naomi,Immer,nimmer21@tripod.com,F,Nissan
75,Robinet,Bagley,rbagley22@home.pl,F,Pontiac
76,Jack,Clinnick,jclinnick23@baidu.com,M,Nissan
77,Odetta,Farmar,ofarmar24@berkeley.edu,F,Volkswagen
78,Ned,Sinney,nsinney25@globo.com,M,Subaru
79,Toby,Fullager,tfullager26@smugmug.com,M,Chevrolet
80,Ax,Connechy,aconnechy27@wsj.com,M,Chrysler
81,Adriana,Low,alow28@cbc.ca,F,Dodge
82,Joseito,Pach,jpach29@ucoz.ru,M,Cadillac
83,Hebert,Hubbocks,hhubbocks2a@wordpress.com,M,Ford
84,Karlan,Sugarman,ksugarman2b@desdev.cn,M,Oldsmobile
85,Archibold,Skevington,askevington2c@howstuffworks.com,M,Oldsmobile
86,Tuck,Joules,tjoules2d@deviantart.com,M,Acura
87,Simonne,Crackel,scrackel2e@dagondesign.com,F,Ford
88,Stewart,Swiers,sswiers2f@drupal.org,M,Audi
89,Mary,Burman,mburman2g@nyu.edu,F,Lincoln
90,Iggy,Cardenosa,icardenosa2h@diigo.com,M,Lincoln
91,Caren,Eschalotte,ceschalotte2i@squidoo.com,F,Isuzu
92,Ulberto,Steddall,usteddall2j@aboutads.info,M,Lincoln
93,Aindrea,Dudley,adudley2k@sogou.com,F,Mercedes-Benz
94,Emera,Gellan,egellan2l@qq.com,F,Aston Martin
95,Rozanna,Arnely,rarnely2m@time.com,F,Chevrolet
96,Desi,Abrahamsohn,dabrahamsohn2n@umn.edu,M,Subaru
97,Adara,Argrave,aargrave2o@pinterest.com,F,Scion
98,Di,Hallaways,dhallaways2p@google.com.au,F,Suzuki
99,Ezri,Jarnell,ejarnell2q@t.co,M,Kia
100,Nell,Madle,nmadle2r@google.com.hk,F,Chrysler
101,Romola,Muffen,rmuffen2s@home.pl,F,Lexus
102,Venita,Iczokvitz,viczokvitz2t@istockphoto.com,F,Chevrolet
103,Hillary,Mapledoram,hmapledoram2u@theatlantic.com,M,Nissan
104,Yorke,Suddick,ysuddick2v@ocn.ne.jp,M,Mercedes-Benz
105,Hazlett,Hasard,hhasard2w@webmd.com,M,Ford
106,Bobbie,Tosdevin,btosdevin2x@twitter.com,F,Cadillac
107,Marta,Kniveton,mkniveton2y@behance.net,F,Suzuki
108,Norman,Blown,nblown2z@miitbeian.gov.cn,M,Ford
109,Lombard,Nelson,lnelson30@so-net.ne.jp,M,Mazda
110,Johnny,Rainbird,jrainbird31@miitbeian.gov.cn,M,Mitsubishi
111,Arvy,Haddrill,ahaddrill32@gnu.org,M,BMW
112,Tarrah,Towne,ttowne33@accuweather.com,F,Ford
113,Cris,MacGrath,cmacgrath34@baidu.com,F,Dodge
114,Geri,Treadger,gtreadger35@spiegel.de,M,Ford
115,Christopher,Giocannoni,cgiocannoni36@php.net,M,Lexus
116,Lainey,Webb-Bowen,lwebbbowen37@army.mil,F,Chevrolet
117,Ilario,Hellewell,ihellewell38@auda.org.au,M,Honda
118,Kenyon,Skettles,kskettles39@sciencedirect.com,M,Ford
119,Vinita,Mathias,vmathias3a@hud.gov,F,Ford
120,Jacklyn,Lyburn,jlyburn3b@psu.edu,F,Subaru
121,Kermit,Szreter,kszreter3c@instagram.com,M,Ford
122,Jeff,Rowan,jrowan3d@qq.com,M,Mazda
123,Hatti,Pieper,hpieper3e@theguardian.com,F,Pontiac
124,Lola,Burnep,lburnep3f@patch.com,F,Chevrolet
125,Egon,Ruane,eruane3g@ehow.com,M,Chevrolet
126,Wittie,Michele,wmichele3h@miitbeian.gov.cn,M,Mercury
127,Myles,Conn,mconn3i@histats.com,M,Ford
128,Guillema,Center,gcenter3j@msu.edu,F,Isuzu
129,Rubi,Ubanks,rubanks3k@latimes.com,F,Bentley
130,Kissiah,Dowse,kdowse3l@unicef.org,F,GMC
131,Andriana,Burlingame,aburlingame3m@nih.gov,F,Suzuki
132,Laureen,Tourot,ltourot3n@pbs.org,F,Maybach
133,Rutter,Douris,rdouris3o@edublogs.org,M,GMC
134,Hillary,Gurrado,hgurrado3p@house.gov,F,Suzuki
135,L;urette,Callen,lcallen3q@mapquest.com,F,BMW
136,Orton,MacNeilage,omacneilage3r@sohu.com,M,MINI
137,Lilyan,Keyse,lkeyse3s@ning.com,F,Lincoln
138,Devy,Garz,dgarz3t@cmu.edu,M,Chevrolet
139,Yorke,Joddins,yjoddins3u@mozilla.com,M,Buick
140,Allx,Shipston,ashipston3v@cdbaby.com,F,BMW
141,Lotte,Olwen,lolwen3w@utexas.edu,F,Mercedes-Benz
142,Candra,Jefford,cjefford3x@berkeley.edu,F,Oldsmobile
143,Bruce,Blain,bblain3y@google.co.jp,M,Honda
144,Leodora,Zottoli,lzottoli3z@cbslocal.com,F,GMC
145,Kitty,Harnor,kharnor40@rambler.ru,F,Ford
146,Dacey,Padbery,dpadbery41@engadget.com,F,Chevrolet
147,Muffin,Cloonan,mcloonan42@webeden.co.uk,F,Mazda
148,Crystie,Etchell,cetchell43@bizjournals.com,F,Mazda
149,Scottie,Proschek,sproschek44@reverbnation.com,M,Chevrolet
150,Giordano,Capps,gcapps45@hostgator.com,M,Chevrolet
151,Erhard,Piddlehinton,epiddlehinton46@ebay.co.uk,M,Honda
152,Kristoffer,Human,khuman47@sina.com.cn,M,Bentley
153,Roldan,Keigher,rkeigher48@howstuffworks.com,M,Lincoln
154,Morlee,Fillingham,mfillingham49@tripadvisor.com,M,Mitsubishi
155,Emeline,Macias,emacias4a@twitter.com,F,Saab
156,Vaughn,Nerne,vnerne4b@yandex.ru,M,Ford
157,Suzie,Gain,sgain4c@icio.us,F,Chevrolet
158,Cyndia,Whyke,cwhyke4d@wikipedia.org,F,Dodge
159,Willard,Hancox,whancox4e@walmart.com,M,Land Rover
160,Ker,Bradick,kbradick4f@amazon.co.uk,M,Infiniti
161,Annemarie,Feenan,afeenan4g@weibo.com,F,Dodge
162,Kaiser,Stones,kstones4h@huffingtonpost.com,M,GMC
163,Eleanor,Watman,ewatman4i@t-online.de,F,Volkswagen
164,Hyacinthe,Gillett,hgillett4j@gravatar.com,F,Acura
165,Eldon,Selland,eselland4k@altervista.org,M,Volkswagen
166,Garrott,Casali,gcasali4l@instagram.com,M,Kia
167,Justis,Winterson,jwinterson4m@vinaora.com,M,Lincoln
168,Shannan,Lowless,slowless4n@redcross.org,M,Audi
169,Tiffy,Goskar,tgoskar4o@jimdo.com,F,Ford
170,Stuart,Gamage,sgamage4p@squidoo.com,M,Lexus
171,Nisse,Pargeter,npargeter4q@home.pl,F,Toyota
172,Domenic,Lackham,dlackham4r@webmd.com,M,Audi
173,Flossi,Johnston,fjohnston4s@newsvine.com,F,Chevrolet
174,Oralee,Burk,oburk4t@liveinternet.ru,F,GMC
175,Candra,Ninnotti,cninnotti4u@yellowpages.com,F,Oldsmobile
176,Karly,Schelle,kschelle4v@howstuffworks.com,F,Ford
177,Sherie,Adamou,sadamou4w@arstechnica.com,F,Toyota
178,Kaleb,Betje,kbetje4x@paginegialle.it,M,Hummer
179,Dorene,Polo,dpolo4y@ox.ac.uk,F,Volkswagen
180,Merle,Yesipov,myesipov4z@phoca.cz,M,Buick
181,Faber,Nazair,fnazair50@feedburner.com,M,Mazda
182,Jere,Clarey,jclarey51@infoseek.co.jp,M,Honda
183,Livia,Rey,lrey52@omniture.com,F,Lincoln
184,Iggie,Desesquelle,idesesquelle53@printfriendly.com,M,Mercedes-Benz
185,Shelby,Swigger,sswigger54@booking.com,F,GMC
186,Ethelin,Von Der Empten,evonderempten55@sogou.com,F,Chevrolet
187,De witt,Zecchi,dzecchi56@skype.com,M,Dodge
188,Kele,Ibberson,kibberson57@jugem.jp,M,Mitsubishi
189,Gannie,Olerenshaw,golerenshaw58@soundcloud.com,M,Suzuki
190,Binny,Woolis,bwoolis59@furl.net,F,Honda
191,Donal,Stanislaw,dstanislaw5a@foxnews.com,M,Pontiac
192,Geraldine,Weakley,gweakley5b@nifty.com,F,Mazda
193,Lou,Wiz,lwiz5c@harvard.edu,F,Mercury
194,Bernadine,Beardwell,bbeardwell5d@howstuffworks.com,F,Saturn
195,Madel,Popplewell,mpopplewell5e@hugedomains.com,F,Audi
196,Kerrill,Dowthwaite,kdowthwaite5f@nytimes.com,F,MG
197,Sharl,Andryushchenko,sandryushchenko5g@odnoklassniki.ru,F,Acura
198,Michelle,Tidey,mtidey5h@arstechnica.com,F,Maybach
199,Welch,Milmoe,wmilmoe5i@livejournal.com,M,Ford
200,Cindra,Elvins,celvins5j@desdev.cn,F,Pontiac
201,Gray,Belfelt,gbelfelt5k@jugem.jp,F,GMC
202,Chance,Owbridge,cowbridge5l@vimeo.com,M,Porsche
203,Hobey,Devonside,hdevonside5m@stanford.edu,M,Volkswagen
204,Jillian,Norkutt,jnorkutt5n@seattletimes.com,F,GMC
205,Mischa,Dowell,mdowell5o@alibaba.com,M,Jeep
206,Reinwald,Duley,rduley5p@zimbio.com,M,Ford
207,Tomlin,Cawthera,tcawthera5q@so-net.ne.jp,M,Mercedes-Benz
208,Rouvin,Woodeson,rwoodeson5r@joomla.org,M,Buick
209,Markus,Aliberti,maliberti5s@technorati.com,M,Isuzu
210,Roberto,Wadsworth,rwadsworth5t@eventbrite.com,M,Chrysler
211,Lilith,Grady,lgrady5u@vistaprint.com,F,Mazda
212,Myrlene,Seadon,mseadon5v@prweb.com,F,Mitsubishi
213,Pollyanna,Culkin,pculkin5w@webs.com,F,Ford
214,Ernie,Hatherley,ehatherley5x@google.ru,M,Suzuki
215,Boy,Willsmore,bwillsmore5y@answers.com,M,Infiniti
216,Kathryn,MacAndreis,kmacandreis5z@reverbnation.com,F,Volvo
217,Celestine,Iddenden,ciddenden60@phpbb.com,F,Ford
218,Jillie,Frain,jfrain61@wordpress.org,F,Chrysler
219,Corabelle,Bodman,cbodman62@rakuten.co.jp,F,Dodge
220,Clementine,Wolfendale,cwolfendale63@unesco.org,F,Honda
221,Neall,Grimstead,ngrimstead64@ebay.co.uk,M,Ford
222,Darrelle,Maxweell,dmaxweell65@ihg.com,F,Volkswagen
223,Mireielle,Macallam,mmacallam66@sogou.com,F,Mercury
224,Benedicto,Maccrea,bmaccrea67@phpbb.com,M,Daewoo
225,Johnathan,Burnand,jburnand68@unc.edu,M,Mercury
226,Barbe,Plummer,bplummer69@toplist.cz,F,Volkswagen
227,Lind,Westphalen,lwestphalen6a@umich.edu,F,Ford
228,Mohandas,Lehenmann,mlehenmann6b@youtube.com,M,Acura
229,Mab,Buten,mbuten6c@163.com,F,Acura
230,Natal,Wildey,nwildey6d@sfgate.com,M,Mitsubishi
231,Janos,Dragge,jdragge6e@ning.com,M,Volkswagen
232,Biddie,Glenton,bglenton6f@goo.gl,F,Lincoln
233,Reinhold,Alesio,ralesio6g@weather.com,M,Mitsubishi
234,Meryl,Blackstock,mblackstock6h@va.gov,M,Buick
235,Tedra,Pavluk,tpavluk6i@theguardian.com,F,Chrysler
236,Henry,Litt,hlitt6j@1und1.de,M,GMC
237,Konstanze,Larmouth,klarmouth6k@ebay.com,F,Volkswagen
238,Sam,Pedden,spedden6l@ezinearticles.com,F,Ford
239,Tadeas,Camilleri,tcamilleri6m@sbwire.com,M,Mazda
240,Tedi,Rulten,trulten6n@paypal.com,F,Buick
241,Cherin,Devennie,cdevennie6o@ft.com,F,Chevrolet
242,Hubie,Trimmell,htrimmell6p@desdev.cn,M,Nissan
243,Kayne,Autin,kautin6q@phpbb.com,M,Chevrolet
244,Allegra,Trussman,atrussman6r@t-online.de,F,Mazda
245,Devon,Recke,drecke6s@facebook.com,F,Land Rover
246,Elton,Symington,esymington6t@utexas.edu,M,Lotus
247,Aridatha,Streight,astreight6u@gizmodo.com,F,BMW
248,Ramona,Elster,relster6v@illinois.edu,F,Cadillac
249,Stewart,Tayspell,stayspell6w@nyu.edu,M,Infiniti
250,Dino,Ather,dather6x@jugem.jp,M,Nissan
251,Eb,Scholling,escholling6y@lulu.com,M,Oldsmobile
252,Rudiger,Whitemarsh,rwhitemarsh6z@cam.ac.uk,M,Volkswagen
253,Dolorita,Morcombe,dmorcombe70@stanford.edu,F,Oldsmobile
254,Alexi,Spring,aspring71@huffingtonpost.com,F,Mazda
255,Helene,Goucher,hgoucher72@hc360.com,F,Ford
256,Galina,Yarnton,gyarnton73@earthlink.net,F,Chevrolet
257,Jeremiah,Benbow,jbenbow74@pcworld.com,M,Cadillac
258,Monte,Danilov,mdanilov75@china.com.cn,M,Chevrolet
259,Risa,Hayle,rhayle76@ning.com,F,Mitsubishi
260,Aurore,Weild,aweild77@cocolog-nifty.com,F,Mazda
261,Gabriellia,Pohl,gpohl78@dion.ne.jp,F,Chevrolet
262,Katee,Rack,krack79@yelp.com,F,Volkswagen
263,Kelsey,Lear,klear7a@blog.com,F,Saab
264,Adelle,Baniard,abaniard7b@acquirethisname.com,F,Isuzu
265,Henrietta,Ranby,hranby7c@dell.com,F,Volkswagen
266,Edythe,Waterhowse,ewaterhowse7d@eventbrite.com,F,Volvo
267,Michal,Silverstone,msilverstone7e@hexun.com,F,Hyundai
268,Denver,Martonfi,dmartonfi7f@addthis.com,M,Suzuki
269,Tami,Brennenstuhl,tbrennenstuhl7g@sogou.com,F,Mercedes-Benz
270,Agretha,Smullen,asmullen7h@fda.gov,F,Chevrolet
271,Michael,Ellaway,mellaway7i@163.com,M,Chrysler
272,Adina,Casol,acasol7j@nymag.com,F,Cadillac
273,Gallard,Stallon,gstallon7k@example.com,M,Volkswagen
274,Warren,Barnsdale,wbarnsdale7l@blogger.com,M,Eagle
275,Toby,Beckerleg,tbeckerleg7m@fotki.com,M,Dodge
276,Roland,Clendinning,rclendinning7n@constantcontact.com,M,Chevrolet
277,Doralyn,Vincent,dvincent7o@de.vu,F,Saab
278,Karlis,Dunn,kdunn7p@ted.com,M,Mitsubishi
279,Caritta,Mullord,cmullord7q@e-recht24.de,F,GMC
280,Maddy,Tombleson,mtombleson7r@facebook.com,M,Mercedes-Benz
281,Wilhelmina,Moresby,wmoresby7s@usatoday.com,F,Chevrolet
282,Rossy,Danihelka,rdanihelka7t@ustream.tv,M,Subaru
283,Maxie,Gillett,mgillett7u@myspace.com,M,Jaguar
284,Blanch,McGiffie,bmcgiffie7v@histats.com,F,Oldsmobile
285,Grange,Quinlan,gquinlan7w@ehow.com,M,Mitsubishi
286,Maribel,Ruddle,mruddle7x@issuu.com,F,Mitsubishi
287,Alister,Tunaclift,atunaclift7y@comsenz.com,M,Suzuki
288,Buck,Ryall,bryall7z@pen.io,M,Chevrolet
289,Saraann,Bacop,sbacop80@un.org,F,Honda
290,Jesselyn,Davidovsky,jdavidovsky81@goo.ne.jp,F,Mitsubishi
291,Ray,Tillett,rtillett82@woothemes.com,F,Porsche
292,Trina,Chattell,tchattell83@java.com,F,Honda
293,Neda,Jillins,njillins84@weebly.com,F,Mercedes-Benz
294,Brena,Bossom,bbossom85@hhs.gov,F,Ford
295,Anderea,Sturte,asturte86@amazon.com,F,Isuzu
296,Adel,Shoulder,ashoulder87@harvard.edu,F,GMC
297,Park,Anyon,panyon88@earthlink.net,M,Honda
298,Omero,While,owhile89@shinystat.com,M,Chevrolet
299,Aprilette,Perks,aperks8a@51.la,F,Ford
300,Giustino,Dockrill,gdockrill8b@xing.com,M,Mercury
301,Ferguson,Deekes,fdeekes8c@jiathis.com,M,Chevrolet
302,Anthony,Tonna,atonna8d@prnewswire.com,M,Pontiac
303,Jackie,Adamou,jadamou8e@chronoengine.com,M,Mazda
304,Ronnica,Faulkner,rfaulkner8f@si.edu,F,Pontiac
305,Georgeanne,Briance,gbriance8g@japanpost.jp,F,Toyota
306,Loraine,Jacobson,ljacobson8h@goo.ne.jp,F,Chrysler
307,Elmore,Charpling,echarpling8i@macromedia.com,M,Lincoln
308,Alejandrina,Norwell,anorwell8j@xing.com,F,Mazda
309,Myrvyn,Earp,mearp8k@marriott.com,M,Volvo
310,Robert,Bambery,rbambery8l@amazon.co.jp,M,Land Rover
311,Sybyl,Gilbank,sgilbank8m@goo.gl,F,Acura
312,Lek,Balmann,lbalmann8n@marketwatch.com,M,Chevrolet
313,Carlyn,Bolingbroke,cbolingbroke8o@msu.edu,F,Nissan
314,Almeta,Twitching,atwitching8p@moonfruit.com,F,Volkswagen
315,Rriocard,Lippard,rlippard8q@elpais.com,M,Chevrolet
316,Aurora,Giottini,agiottini8r@ning.com,F,Buick
317,Lay,Cars,lcars8s@so-net.ne.jp,M,Mercedes-Benz
318,Consuelo,Lapwood,clapwood8t@springer.com,F,Ford
319,Edlin,Dopson,edopson8u@delicious.com,M,Ford
320,Janifer,Swalough,jswalough8v@zdnet.com,F,Hyundai
321,Jobina,Skupinski,jskupinski8w@desdev.cn,F,Lotus
322,Edie,Matten,ematten8x@blogspot.com,F,Chevrolet
323,Gennie,Dilland,gdilland8y@soup.io,F,Pontiac
324,Morris,Syphas,msyphas8z@techcrunch.com,M,Volkswagen
325,Merla,Loweth,mloweth90@epa.gov,F,Hyundai
326,Tabbitha,Hatherill,thatherill91@jimdo.com,F,Ford
327,Toddy,Dillet,tdillet92@msn.com,M,Ford
328,Leelah,Beartup,lbeartup93@skype.com,F,Volkswagen
329,Barrett,Tarborn,btarborn94@bravesites.com,M,Dodge
330,Gabi,Halladey,ghalladey95@angelfire.com,M,Chevrolet
331,Franz,Peachey,fpeachey96@bbb.org,M,Pontiac
332,Max,Niece,mniece97@unicef.org,F,Chevrolet
333,Morse,Cornelisse,mcornelisse98@behance.net,M,Pontiac
334,Helenka,Coster,hcoster99@japanpost.jp,F,Chevrolet
335,Fae,Ceccoli,fceccoli9a@infoseek.co.jp,F,Infiniti
336,Chauncey,Langeren,clangeren9b@naver.com,M,Mercedes-Benz
337,Shana,Crumly,scrumly9c@yale.edu,F,Daewoo
338,Linnell,Delmonti,ldelmonti9d@feedburner.com,F,Infiniti
339,Mayne,Buttwell,mbuttwell9e@t.co,M,Isuzu
340,Dewain,McBayne,dmcbayne9f@xing.com,M,Mazda
341,Andie,Prujean,aprujean9g@scribd.com,F,Lexus
342,Kingston,Beverage,kbeverage9h@youtube.com,M,Porsche
343,Rhea,Killwick,rkillwick9i@dedecms.com,F,Jaguar
344,Rodd,Bicksteth,rbicksteth9j@google.co.uk,M,Ford
345,Jareb,Luigi,jluigi9k@theglobeandmail.com,M,Ford
346,Allissa,Hasling,ahasling9l@addthis.com,F,Dodge
347,Jared,MacMichael,jmacmichael9m@godaddy.com,M,Maserati
348,Guglielma,Cohn,gcohn9n@nsw.gov.au,F,Nissan
349,Ogdon,Le Fevre,olefevre9o@nhs.uk,M,Ford
350,Marysa,Wolfart,mwolfart9p@mayoclinic.com,F,Volvo
351,Benedikta,Kembley,bkembley9q@netscape.com,F,BMW
352,Lorens,Screeton,lscreeton9r@un.org,M,Volkswagen
353,Nickie,Ducker,nducker9s@dmoz.org,F,Mitsubishi
354,Janel,Ferenczy,jferenczy9t@illinois.edu,F,Subaru
355,Mia,de Clerc,mdeclerc9u@newsvine.com,F,GMC
356,Sal,Ettles,settles9v@cmu.edu,F,BMW
357,Lombard,Gambell,lgambell9w@unesco.org,M,MINI
358,Livvie,Healing,lhealing9x@go.com,F,Mercury
359,Remington,Newlyn,rnewlyn9y@xrea.com,M,Dodge
360,Remy,Ivey,rivey9z@purevolume.com,F,Chevrolet
361,Blythe,Gatehouse,bgatehousea0@google.cn,F,Lotus
362,Murvyn,Tomaszewicz,mtomaszewicza1@npr.org,M,Volkswagen
363,Kyle,Hartnup,khartnupa2@oakley.com,M,Ford
364,Merla,Lineen,mlineena3@oakley.com,F,Cadillac
365,Salvatore,Bonds,sbondsa4@usatoday.com,M,Mazda
366,Erinna,Blacksell,eblacksella5@alexa.com,F,Jeep
367,Artemus,Ledger,aledgera6@salon.com,M,Chevrolet
368,Vinnie,Mundow,vmundowa7@devhub.com,F,Chevrolet
369,Bing,Raiker,braikera8@ustream.tv,M,Oldsmobile
370,Washington,Cromley,wcromleya9@gizmodo.com,M,Saab
371,Jeannette,Kencott,jkencottaa@ft.com,F,Ford
372,Lyell,Ardy,lardyab@japanpost.jp,M,Buick
373,Chicky,Pehrsson,cpehrssonac@clickbank.net,F,Mazda
374,Guy,Swynley,gswynleyad@prlog.org,M,Mazda
375,Essie,Ianne,eianneae@nymag.com,F,Eagle
376,Waldemar,Matresse,wmatresseaf@github.io,M,Chrysler
377,Johnna,Flaonier,jflaonierag@simplemachines.org,F,GMC
378,Shena,Duffin,sduffinah@hexun.com,F,Chrysler
379,Faythe,Zaczek,fzaczekai@intel.com,F,Ford
380,Rickie,Rawet,rrawetaj@cmu.edu,M,Mazda
381,Mikol,Leadstone,mleadstoneak@bigcartel.com,M,Alfa Romeo
382,Ginger,Boulde,gbouldeal@histats.com,M,Isuzu
383,Sayers,Tomet,stometam@hhs.gov,M,Acura
384,Agathe,Malcher,amalcheran@stumbleupon.com,F,Mazda
385,Damian,Petken,dpetkenao@businessweek.com,M,Pontiac
386,Forster,Forrester,fforresterap@is.gd,M,Mercury
387,Alanson,Crackett,acrackettaq@ox.ac.uk,M,Toyota
388,Florenza,Ivanshintsev,fivanshintsevar@virginia.edu,F,Hyundai
389,Gabi,Seager,gseageras@alexa.com,M,Plymouth
390,Roley,Scrivner,rscrivnerat@issuu.com,M,GMC
391,Anatola,Swett,aswettau@adobe.com,F,Cadillac
392,Lu,Sprigings,lsprigingsav@ed.gov,F,Lamborghini
393,Bartholomeo,Itter,bitteraw@guardian.co.uk,M,Dodge
394,Antoni,Ingamells,aingamellsax@phoca.cz,M,Audi
395,Barty,Maypowder,bmaypowderay@berkeley.edu,M,Plymouth
396,Tannie,Stackbridge,tstackbridgeaz@geocities.jp,M,Suzuki
397,Hugibert,Giamelli,hgiamellib0@skyrock.com,M,Scion
398,Koenraad,Middlebrook,kmiddlebrookb1@netlog.com,M,Chevrolet
399,Sonnnie,Chomiszewski,schomiszewskib2@de.vu,F,Nissan
400,Jane,Rupprecht,jrupprechtb3@google.nl,F,Lexus
401,King,Morsley,kmorsleyb4@devhub.com,M,Kia
402,Cary,Traut,ctrautb5@cdbaby.com,M,Cadillac
403,Darnall,Sneddon,dsneddonb6@naver.com,M,Mercedes-Benz
404,Alwin,Karolyi,akarolyib7@storify.com,M,BMW
405,Asia,Crothers,acrothersb8@go.com,F,Chevrolet
406,Zitella,Minette,zminetteb9@gizmodo.com,F,Jeep
407,Foss,Arnowicz,farnowiczba@youku.com,M,Chrysler
408,Odilia,Faircloth,ofairclothbb@last.fm,F,Chevrolet
409,Nert,Tabbitt,ntabbittbc@twitter.com,F,Dodge
410,Barthel,Bartoszinski,bbartoszinskibd@edublogs.org,M,Ford
411,Lina,Lumber,llumberbe@blogs.com,F,Cadillac
412,Bari,Shurey,bshureybf@cocolog-nifty.com,F,Saab
413,Kort,Pedroli,kpedrolibg@prnewswire.com,M,Volkswagen
414,Micheil,Rutherforth,mrutherforthbh@cafepress.com,M,Ford
415,Filia,Petigrew,fpetigrewbi@mapquest.com,F,GMC
416,Nikita,Chatteris,nchatterisbj@reference.com,M,GMC
417,Wendel,Carrel,wcarrelbk@house.gov,M,Honda
418,Lorrie,Taylour,ltaylourbl@bloomberg.com,M,Ford
419,Almeria,Motte,amottebm@alexa.com,F,Chevrolet
420,Charyl,Blunsen,cblunsenbn@bbc.co.uk,F,Mazda
421,Jonathan,Robatham,jrobathambo@foxnews.com,M,Chevrolet
422,Elinore,Mollen,emollenbp@washington.edu,F,Volkswagen
423,Ceil,Scouller,cscoullerbq@pbs.org,F,Pontiac
424,Jessica,Inott,jinottbr@craigslist.org,F,GMC
425,Xaviera,Oseland,xoselandbs@mtv.com,F,Pontiac
426,Lamond,Hensmans,lhensmansbt@google.ca,M,Audi
427,Dayle,Idiens,didiensbu@wired.com,F,Nissan
428,Katuscha,Risbie,krisbiebv@sogou.com,F,Subaru
429,Mikkel,Cready,mcreadybw@ftc.gov,M,Pontiac
430,Dorry,Pester,dpesterbx@typepad.com,F,Jeep
431,Manolo,Bedo,mbedoby@arstechnica.com,M,Rolls-Royce
432,Gerta,Parcall,gparcallbz@scientificamerican.com,F,Spyker
433,Avery,Trundell,atrundellc0@lulu.com,M,Volkswagen
434,Giorgi,Parnaby,gparnabyc1@msn.com,M,Dodge
435,Viviyan,Shimony,vshimonyc2@spiegel.de,F,Kia
436,Terence,Knaggs,tknaggsc3@samsung.com,M,Chevrolet
437,Penni,Carlesi,pcarlesic4@lycos.com,F,Mazda
438,Aleen,Easen,aeasenc5@opensource.org,F,Chevrolet
439,Prisca,Renton,prentonc6@amazonaws.com,F,Saturn
440,Ermina,Gawen,egawenc7@google.ru,F,Suzuki
441,Gerrie,McGow,gmcgowc8@addtoany.com,M,Ford
442,Berkeley,Grioli,bgriolic9@meetup.com,M,Mercury
443,Willis,East,weastca@dell.com,M,Chevrolet
444,King,Brummell,kbrummellcb@linkedin.com,M,Chevrolet
445,Skell,Foxworthy,sfoxworthycc@diigo.com,M,Subaru
446,Tilda,Peacham,tpeachamcd@ask.com,F,Lotus
447,Jaquenette,Everton,jevertonce@omniture.com,F,Mazda
448,Arty,Railton,arailtoncf@cisco.com,M,Chrysler
449,Donnell,Durbyn,ddurbyncg@wufoo.com,M,Pontiac
450,Lucinda,Coltart,lcoltartch@wisc.edu,F,Volkswagen
451,Alex,Limer,alimerci@people.com.cn,M,Oldsmobile
452,Pat,Gibben,pgibbencj@slate.com,M,Acura
453,Lynsey,Meineck,lmeineckck@exblog.jp,F,Hyundai
454,Nickolas,Jemmett,njemmettcl@reddit.com,M,Jeep
455,Agnella,Yates,ayatescm@blinklist.com,F,Mazda
456,Ambrose,Kubecka,akubeckacn@salon.com,M,Chevrolet
457,Dita,Dauncey,ddaunceyco@webs.com,F,Pontiac
458,Brennan,Beardmore,bbeardmorecp@cargocollective.com,M,Mercury
459,Rriocard,Brasseur,rbrasseurcq@businessweek.com,M,Chevrolet
460,Filmore,Gorcke,fgorckecr@studiopress.com,M,Kia
461,Mei,Gronav,mgronavcs@businessinsider.com,F,Mitsubishi
462,Keelby,Hatrey,khatreyct@livejournal.com,M,Nissan
463,Ferdinanda,Drillot,fdrillotcu@adobe.com,F,Ford
464,Rosalinde,Ackeroyd,rackeroydcv@twitpic.com,F,Volvo
465,Niels,Chillingsworth,nchillingsworthcw@wired.com,M,Acura
466,Idalina,Johnson,ijohnsoncx@simplemachines.org,F,Mazda
467,Car,Windrum,cwindrumcy@cyberchimps.com,M,Ford
468,Philly,Burhouse,pburhousecz@ft.com,F,Mercedes-Benz
469,Bryn,Jardin,bjardind0@tamu.edu,M,GMC
470,Delmore,Scadding,dscaddingd1@nbcnews.com,M,Honda
471,Freda,Marcos,fmarcosd2@stumbleupon.com,F,Chevrolet
472,Evyn,Waggitt,ewaggittd3@virginia.edu,M,Ford
473,Lorraine,Berthelet,lbertheletd4@wikimedia.org,F,Mercedes-Benz
474,Donal,Piercey,dpierceyd5@sina.com.cn,M,Nissan
475,Andros,Peyton,apeytond6@wordpress.org,M,Oldsmobile
476,Guthry,Wield,gwieldd7@alexa.com,M,Mercury
477,Eleonore,Yakovl,eyakovld8@angelfire.com,F,GMC
478,Vito,Coen,vcoend9@digg.com,M,Mazda
479,Garfield,Swale,gswaleda@sun.com,M,Honda
480,Bail,Gavriel,bgavrieldb@elpais.com,M,Lotus
481,Merwin,Reinger,mreingerdc@ucsd.edu,M,Mazda
482,Claudelle,Mazdon,cmazdondd@about.com,F,Honda
483,Jeramey,Biasetti,jbiasettide@is.gd,M,GMC
484,Linn,Gately,lgatelydf@omniture.com,F,Mercury
485,Silvio,Karpov,skarpovdg@ucla.edu,M,GMC
486,Anderea,Headech,aheadechdh@tamu.edu,F,Mercury
487,Washington,Standley,wstandleydi@ocn.ne.jp,M,Acura
488,Paola,Heckle,pheckledj@reference.com,F,Toyota
489,Lilith,Sandwith,lsandwithdk@ihg.com,F,Cadillac
490,Sophi,Ouldcott,souldcottdl@ft.com,F,Chrysler
491,Kahlil,Erb,kerbdm@dion.ne.jp,M,Honda
492,Arley,Dodd,adodddn@yellowpages.com,M,Saturn
493,Lizzie,Knightsbridge,lknightsbridgedo@home.pl,F,Dodge
494,Modestine,Giacubo,mgiacubodp@arstechnica.com,F,Mitsubishi
495,Burk,Behrend,bbehrenddq@comsenz.com,M,GMC
496,Yuri,Lawie,ylawiedr@angelfire.com,M,Oldsmobile
497,Levi,Boyn,lboynds@prlog.org,M,Lotus
498,Kerianne,Batts,kbattsdt@moonfruit.com,F,Chevrolet
499,Niles,Breckon,nbreckondu@scientificamerican.com,M,Volkswagen
500,Shauna,Renzullo,srenzullodv@plala.or.jp,F,Cadillac
